{
  "project_info": {
    "project_number": "36372710145",
    "project_id": "fuel-management-a3499",
    "storage_bucket": "fuel-management-a3499.appspot.com"
  },
  "client": [
    {
      "client_info": {
        "mobilesdk_app_id": "1:36372710145:android:4454cf08161f1bfc7bd100",
        "android_client_info": {
          "package_name": "com.example.refuelcalc"
        }
      },
      "oauth_client": [
        {
          "client_id": "36372710145-9himkk9c2oshtusjaj71irhf7l16om9g.apps.googleusercontent.com",
          "client_type": 1,
          "android_info": {
            "package_name": "com.example.refuelcalc",
            "certificate_hash": "30d9f1877a57ac7c962c8b74d23e9d86247f4582"
          }
        },
        {
          "client_id": "36372710145-u9m9ekt94q13gv12jj80i8n49j62keej.apps.googleusercontent.com",
          "client_type": 3
        }
      ],
      "api_key": [
        {
          "current_key": "AIzaSyDynkorjq21saxkC9DhhR-xrbkNFyPSxTU"
        }
      ],
      "services": {
        "appinvite_service": {
          "other_platform_oauth_client": [
            {
              "client_id": "36372710145-u9m9ekt94q13gv12jj80i8n49j62keej.apps.googleusercontent.com",
              "client_type": 3
            }
          ]
        }
      }
    }
  ],
  "configuration_version": "1"
}