{"v":"5.6.6","fr":25,"ip":0,"op":75,"w":1000,"h":1000,"nm":"My Icons","ddd":0,"assets":[],"layers":[{"ddd":0,"ind":1,"ty":4,"nm":"User Outlines","sr":1,"ks":{"o":{"a":0,"k":100,"ix":11},"r":{"a":0,"k":0,"ix":10},"p":{"a":0,"k":[496.828,496.415,0],"ix":2},"a":{"a":0,"k":[50.676,52.62,0],"ix":1},"s":{"a":0,"k":[980.392,943.396,100],"ix":6}},"ao":0,"shapes":[{"ty":"gr","it":[{"ind":0,"ty":"sh","ix":1,"ks":{"a":0,"k":{"i":[[0,0],[-2.609,-2.155],[-17.63,0],[-12.578,10.306],[0,3.396],[0,0],[6.247,0],[0,0],[0,-6.246]],"o":[[0,3.383],[12.61,10.411],[17.53,0],[2.627,-2.151],[0,0],[0,-6.246],[0,0],[-6.246,0],[0,0]],"v":[[-50.426,-1.664],[-46.304,7.08],[0.095,23.756],[46.277,7.257],[50.426,-1.509],[50.426,-12.446],[39.117,-23.756],[-39.117,-23.756],[-50.426,-12.446]],"c":true},"ix":2},"nm":"Path 1","mn":"ADBE Vector Shape - Group","hd":false},{"ty":"fl","c":{"a":0,"k":[0.795999983245,0.532999973671,1,1],"ix":4},"o":{"a":0,"k":100,"ix":5},"r":1,"bm":0,"nm":"Fill 1","mn":"ADBE Vector Graphic - Fill","hd":false},{"ty":"tr","p":{"a":1,"k":[{"i":{"x":0,"y":1},"o":{"x":0.333,"y":0},"t":0,"s":[50.676,145.234],"to":[0,-12.667],"ti":[0,8]},{"i":{"x":0.667,"y":1},"o":{"x":0.52,"y":0},"t":15,"s":[50.676,69.234],"to":[0,-8],"ti":[0,-2]},{"i":{"x":0.667,"y":1},"o":{"x":0.333,"y":0},"t":35,"s":[50.676,97.234],"to":[0,2],"ti":[0,2.667]},{"t":51,"s":[50.676,81.234]}],"ix":2},"a":{"a":0,"k":[0,0],"ix":1},"s":{"a":0,"k":[100,100],"ix":3},"r":{"a":0,"k":0,"ix":6},"o":{"a":0,"k":100,"ix":7},"sk":{"a":0,"k":0,"ix":4},"sa":{"a":0,"k":0,"ix":5},"nm":"Transform"}],"nm":"Group 1","np":4,"cix":2,"bm":0,"ix":1,"mn":"ADBE Vector Group","hd":false},{"ty":"gr","it":[{"ind":0,"ty":"sh","ix":1,"ks":{"a":0,"k":{"i":[[0,-13.807],[13.807,0],[0,13.807],[-13.807,0]],"o":[[0,13.807],[-13.807,0],[0,-13.807],[13.807,0]],"v":[[25,0],[0,25],[-25,0],[0,-25]],"c":true},"ix":2},"nm":"Path 1","mn":"ADBE Vector Shape - Group","hd":false},{"ty":"fl","c":{"a":0,"k":[0.694000004787,0.238999998803,0.987999949736,1],"ix":4},"o":{"a":0,"k":100,"ix":5},"r":1,"bm":0,"nm":"Fill 1","mn":"ADBE Vector Graphic - Fill","hd":false},{"ty":"tr","p":{"a":1,"k":[{"i":{"x":0,"y":1},"o":{"x":0.333,"y":0},"t":0,"s":[51.132,-42.75],"to":[0,12.667],"ti":[0,-9.333]},{"i":{"x":0.196,"y":1},"o":{"x":0.698,"y":0},"t":15,"s":[51.132,33.25],"to":[0,9.333],"ti":[0,1.333]},{"i":{"x":0.196,"y":1},"o":{"x":0.333,"y":0},"t":35,"s":[51.132,13.25],"to":[0,-1.333],"ti":[0,-2]},{"t":51,"s":[51.132,25.25]}],"ix":2},"a":{"a":0,"k":[0,0],"ix":1},"s":{"a":0,"k":[100,100],"ix":3},"r":{"a":0,"k":0,"ix":6},"o":{"a":0,"k":100,"ix":7},"sk":{"a":0,"k":0,"ix":4},"sa":{"a":0,"k":0,"ix":5},"nm":"Transform"}],"nm":"Group 2","np":4,"cix":2,"bm":0,"ix":2,"mn":"ADBE Vector Group","hd":false}],"ip":0,"op":75,"st":0,"bm":0}],"markers":[]}